{
  "project_info": {
    "project_number": "454210311972",
    "firebase_url": "https://pgnusab-default-rtdb.firebaseio.com",
    "project_id": "pgnusab",
    "storage_bucket": "pgnusab.appspot.com"
  },
  "client": [
    {
      "client_info": {
        "mobilesdk_app_id": "1:454210311972:android:831d60281200b50b9e05b1",
        "android_client_info": {
          "package_name": "com.example.datafirebase"
        }
      },
      "oauth_client": [
        {
          "client_id": "454210311972-p6jdfhf924q8p2v7ggvr9tlblg3cmp4j.apps.googleusercontent.com",
          "client_type": 3
        }
      ],
      "api_key": [
        {
          "current_key": "AIzaSyBOsffp8UcJ8bbgBXFn2XCF49bv4Ta7ef8"
        }
      ],
      "services": {
        "appinvite_service": {
          "other_platform_oauth_client": [
            {
              "client_id": "454210311972-p6jdfhf924q8p2v7ggvr9tlblg3cmp4j.apps.googleusercontent.com",
              "client_type": 3
            }
          ]
        }
      }
    },
    {
      "client_info": {
        "mobilesdk_app_id": "1:454210311972:android:0e572abedd6e1dea9e05b1",
        "android_client_info": {
          "package_name": "com.example.pruebasfirebase"
        }
      },
      "oauth_client": [
        {
          "client_id": "454210311972-p6jdfhf924q8p2v7ggvr9tlblg3cmp4j.apps.googleusercontent.com",
          "client_type": 3
        }
      ],
      "api_key": [
        {
          "current_key": "AIzaSyBOsffp8UcJ8bbgBXFn2XCF49bv4Ta7ef8"
        }
      ],
      "services": {
        "appinvite_service": {
          "other_platform_oauth_client": [
            {
              "client_id": "454210311972-p6jdfhf924q8p2v7ggvr9tlblg3cmp4j.apps.googleusercontent.com",
              "client_type": 3
            }
          ]
        }
      }
    }
  ],
  "configuration_version": "1"
}